userId,movieId,rating,timestamp
1,296,5.0,1147880044
1,306,3.5,1147868817
1,307,5.0,1147868828
1,665,5.0,1147878820
1,899,3.5,1147868510
1,1088,4.0,1147868495
1,1175,3.5,1147868826
1,1217,3.5,1147878326
1,1237,5.0,1147868839
1,1250,4.0,1147868414
1,1260,3.5,1147877857
1,1653,4.0,1147868097
1,2011,2.5,1147868079
1,2012,2.5,1147868068
1,2068,2.5,1147869044
1,2161,3.5,1147868609
1,2351,4.5,1147877957
1,2573,4.0,1147878923
1,2632,5.0,1147878248
1,2692,5.0,1147869100
1,2843,4.5,1147868891
1,3448,4.0,1147868480
1,3569,5.0,1147879603
1,3949,5.0,1147868678
1,4144,5.0,1147868898
1,4308,3.0,1147868534
1,4325,5.0,1147878122
1,4422,3.0,1147869048
1,4703,4.0,1147869223
1,4973,4.5,1147869080
1,5147,4.0,1147877654
1,5269,0.5,1147879571
1,5684,2.0,1147879797
1,5767,5.0,1147878729
1,5878,4.0,1147868807
1,5912,3.0,1147878698
5861,442,4.0,945135909
5861,454,4.0,945134320
5861,455,2.0,945136910
5861,457,3.0,945135090
5861,474,5.0,945129475
5861,480,3.0,945136817
5861,484,3.0,945137105
5861,527,4.0,945128550
5861,552,3.0,945135420
5861,586,4.0,945141000
5861,587,5.0,945134435
5861,588,4.0,945137217
5861,590,5.0,945136780
5861,592,2.0,945135221
5861,594,5.0,945137217
5861,595,4.0,945137161
5861,596,5.0,945137161
5861,648,3.0,945135445
5861,780,4.0,945135445
5861,832,3.0,945134490
5861,858,4.0,945135018
5861,903,5.0,945134011
5861,904,5.0,945133991
5861,908,4.0,945128463
5861,911,5.0,945134178
5861,912,5.0,945129310
5861,917,5.0,945140666
5861,919,5.0,945129361
5861,920,5.0,945129259
5861,924,2.0,945134214
5861,933,3.0,945134214
5861,940,5.0,945135018
5861,952,4.0,945136854
5861,968,4.0,945129055
5861,1012,5.0,945140621
5861,1013,5.0,945140707
5861,1014,4.0,945140891
5861,1015,3.0,945136928
5861,1016,4.0,945140818
5861,1017,3.0,945140747
5861,1018,3.0,945140747
5861,1019,4.0,945136854
5861,1022,5.0,945137217
5861,1023,4.0,945140707
5861,1025,4.0,945137280
5861,1028,4.0,945140621
5861,1031,3.0,945136836
5861,1032,3.0,945137819
5861,1073,3.0,945136885
5861,1092,5.0,945134529
5861,1097,5.0,945128507
5861,1101,5.0,945135520
5861,1127,4.0,945134668
5861,1196,5.0,945135018
5861,1198,5.0,945135044
5861,1210,5.0,945135187
5861,1219,4.0,945133991
5861,1220,4.0,945135399
5861,1240,4.0,945134114
5861,1282,4.0,945137217
5861,1287,5.0,945136742
5861,1291,4.0,945135221
5861,1304,3.0,945135068
5861,1343,4.0,945134490
5861,1377,1.0,945136032
5861,1387,3.0,945135044
5861,1405,1.0,945137849
5861,1562,1.0,945137126
5861,1573,1.0,945135338
5861,1608,3.0,945135338
5861,1610,5.0,945134261
5861,1801,2.0,945136086
5861,1917,4.0,945134791
5861,1953,2.0,945134045
5861,1954,5.0,945135221
5861,1994,4.0,945134238
5861,2000,5.0,945135221
5861,2013,5.0,945129132
5861,2015,4.0,945140787
5861,2017,3.0,945141164
5861,2018,5.0,945137161
5861,2042,3.0,945141342
5861,2046,5.0,945140787
5861,2054,3.0,945136948
5861,2056,4.0,945140707
5861,2080,5.0,945137217
5861,2081,3.0,945137280
5861,2085,4.0,945137280
5861,2087,4.0,945137251
5861,2094,4.0,945135466
5861,2096,5.0,945137280
5861,2098,4.0,945141043
5861,2099,4.0,945136885
5861,2115,5.0,945135909
5861,2116,3.0,945137819
5861,2118,5.0,945134490
5861,2121,4.0,945134875
5861,2141,4.0,945137890
5861,2160,3.0,945134045
5861,2178,3.0,945134320
5861,2180,3.0,945134079
5861,2181,4.0,945134114
5861,2183,3.0,945134141
5861,2193,4.0,945135399
5861,2265,1.0,945137126
5861,2346,3.0,945134366
5861,2353,4.0,945134320
5861,2366,5.0,945135187
5861,2405,4.0,945136985
5861,2406,5.0,945135338
5861,2409,3.0,945135520
5861,2430,4.0,945136885
5861,2529,4.0,945135279
5861,2530,3.0,945135993
5861,2533,4.0,945136012
5861,2640,3.0,945135221
5861,2670,4.0,945129165
5861,2694,4.0,945128804
5861,2699,3.0,945128711
5861,2716,2.0,945128919
5861,2741,5.0,945134940
5861,2803,4.0,945134395
5861,2872,4.0,945135275
5861,2947,4.0,945135187
5861,2948,4.0,945128578
5861,2953,3.0,945141313
5861,2987,4.0,945129190
5861,2989,4.0,945135420
5861,2991,4.0,945135187
5861,3034,4.0,945137251
5861,3044,4.0,945134395
5861,3101,5.0,945134238
5861,3153,4.0,945135090
5861,3168,4.0,945136817
5862,260,3.0,1517352976
5862,318,4.5,1517352937
5862,527,4.5,1517352941
5862,1196,3.0,1517352965
5862,1198,2.5,1517352971
5862,2571,2.5,1517352980
5862,3273,0.5,1517606864
5862,3354,2.5,1517606854
5862,3408,0.5,1517361814
5862,3578,2.0,1517361713
5862,3623,3.0,1517606473
5862,3751,0.5,1517361806
5862,3755,3.5,1517606580
5862,3793,1.0,1517361681
5862,3798,1.5,1517606896
5862,3826,2.0,1517606759
5862,3827,3.0,1517607042
5862,3882,1.0,1517607076
5862,3949,0.5,1517606449
5862,3967,5.0,1517606696
5862,3969,5.0,1517606947
5862,3977,1.0,1517606482
5862,3996,1.5,1517361748
5862,4025,3.0,1517606560
5862,4034,2.0,1517361818
5862,4069,3.5,1517607202
5862,4231,3.5,1517608560
5862,4306,3.0,1517361705
5862,4310,3.5,1517606614
5862,4370,2.0,1517361926
5862,4642,1.0,1517607816
5862,4720,0.5,1517606548
5862,4886,1.0,1517361684
5862,4890,1.0,1517607023
5862,4896,0.5,1517606452
5862,4963,4.0,1517606397
5862,4973,1.0,1517361687
5862,4993,3.5,1517361719
5862,4995,5.0,1517361728
5862,5010,4.0,1517606539
5862,5218,0.5,1517606495
5862,5219,0.5,1517606955
5862,5225,1.0,1517607121
5862,5254,0.5,1517606958
5862,5267,5.0,1517607964
5862,5296,2.5,1517608321
5862,5299,4.5,1517606555
5862,5316,3.0,1517608606
5862,5349,2.5,1517361742
5862,5418,3.0,1517361758
5862,5445,2.5,1517361737
5862,5528,0.5,1517607161
5862,5669,0.5,1517361915
5862,5679,0.5,1517606567
5862,5816,0.5,1517606459
5862,5872,3.5,1517606942
5862,5995,5.0,1517361851
5862,6016,2.0,1517361789
5862,6059,4.0,1517607679
5862,6155,3.5,1517607140
5862,6323,3.0,1517607038
5862,6333,1.0,1517606469
5862,6373,0.5,1517361903
5862,6377,1.0,1517361682
5862,6502,0.5,1517606520
5862,6539,4.5,1517361693
5862,6565,5.0,1517607147
5862,6765,5.0,1517608165
5862,6874,1.5,1517361680
5862,6879,3.5,1517607686
5862,6957,1.5,1517607338
5862,7143,1.0,1517361878
5862,7153,2.5,1517361720
5862,7156,2.0,1517607780
5862,7254,0.5,1517361890
5862,7318,5.0,1517607455
5862,7438,2.0,1517361760
5862,7454,0.5,1517607129
5862,8360,1.0,1517361794
5862,8368,0.5,1517606447
5862,8533,5.0,1517606818
5862,8644,0.5,1517606521
5862,8665,2.5,1517606478
5862,8798,3.0,1517606652
5862,8810,0.5,1517607296
5862,8874,1.0,1517361827
5862,8917,1.0,1517607017
5862,8961,1.5,1517361754
5862,8970,4.0,1517606806
5862,8984,3.0,1517606706
5862,27803,3.5,1517608220
5862,30749,1.0,1517361986
5862,30793,1.0,1517361967
5862,30816,5.0,1517607998
5862,30825,4.0,1517606977
5862,31878,0.5,1517607292
5862,32296,3.5,1517608388
5862,33166,1.0,1517361991
5862,33493,0.5,1517606499
5862,33669,2.5,1517608469
5862,33794,3.0,1517361751
5862,34162,4.0,1517606648
5862,35836,0.5,1517361908
5862,37720,1.0,1517608383
5862,38038,0.5,1517607111
5862,39183,2.0,1517606824
5862,40629,4.0,1517607054
5862,40732,0.5,1517607853
5862,40815,0.5,1517606502
5862,41285,3.5,1517607376
5862,41566,3.5,1517606597
5862,41571,1.5,1517607840
5862,44709,4.0,1517691417
5862,46530,3.5,1517607324
5862,47099,4.0,1517606774
5862,47610,2.5,1517606620
5862,48394,1.0,1517361820
5862,48738,1.0,1517607092
5862,49272,0.5,1517606480
5862,49278,0.5,1517607319
5862,49530,1.5,1517361962
5862,51662,0.5,1517361838
5862,52281,0.5,1517607227
5862,52328,1.5,1517607488
5862,53125,3.5,1517606646
5862,53322,3.0,1517606912
5862,53993,1.0,1517607984
5862,54001,0.5,1517606563
5862,54286,3.0,1517606476
5862,55765,2.0,1517606886
5862,56152,3.0,1517607662
5862,56587,5.0,1517607644
5862,58559,3.0,1517361701
5862,58998,0.5,1517607026
5862,59369,4.0,1517606659
5862,59615,3.5,1517606861
5862,60072,2.5,1517607331
5862,61240,0.5,1517607285
5862,63082,3.5,1517361831
5862,68791,1.5,1517607554
5862,69122,1.5,1517361886
5862,69406,5.0,1517607615
5862,69844,0.5,1517606572
5862,70293,4.5,1517607970
5862,72641,5.0,1517606986
5862,79132,1.5,1517361702
5862,81834,0.5,1517606582
5862,82459,3.5,1517606963
5862,85510,1.0,1517608085
5862,87222,1.0,1517607811
5862,87306,2.0,1517607540
5862,88125,1.0,1517361979
5862,91542,3.0,1517606840
5862,91630,3.5,1517607132
5862,91658,3.5,1517606875
5862,93840,0.5,1517607207
5862,95167,1.0,1517607231
5862,95510,3.0,1517607157
5862,97752,0.5,1517607289
5862,97938,4.5,1517606970
5862,98809,2.5,1517606702
5862,99114,0.5,1517606497
5862,103042,4.5,1517607503
5862,103249,0.5,1517607259
5862,104374,4.0,1517607584
5862,106487,3.5,1517606794
5862,111659,0.5,1517607830
5862,113378,4.0,1517691456
5862,116797,2.0,1517361934
5862,116823,3.0,1517607177
5862,122900,0.5,1517607342
5862,122918,0.5,1517607773
5862,134853,1.0,1517361957
5862,142448,4.0,1517691433
5862,162606,4.0,1517608364
5862,165551,4.5,1517608578
5862,176371,2.0,1517608396
5862,183833,2.0,1517353001
5862,183909,3.0,1517352997
5862,183911,2.5,1517353006
5863,1,4.0,1164396696
5863,5,2.5,1164394634
5863,6,4.0,1164503541
5863,10,3.0,1164312356
5863,11,4.0,1164503561
5863,12,2.0,1164394564
5863,16,4.0,1164503731
5863,21,3.0,1164503532
5863,25,3.5,1164503540
5863,32,4.5,1164396714
5863,34,4.5,1164396794
5863,47,4.5,1164311334
5863,50,5.0,1171052483
5863,58,4.0,1171052706
5863,62,4.0,1164310896
5863,70,4.0,1164312659
5863,95,2.5,1164394203
5863,110,4.0,1164396383
5863,111,4.5,1164312497
5863,126,0.5,1164310837
5863,150,4.0,1164396663
5863,153,2.5,1164312588
5863,160,3.5,1171052640
5863,161,3.0,1164503521
5863,168,2.5,1164395267
5863,173,2.0,1164394864
5863,208,2.5,1164312428
5863,215,4.5,1164310582
5863,217,2.0,1164312045
5863,223,4.0,1164397766
5863,224,3.0,1164397638
5863,231,2.5,1164503504
5863,235,4.0,1164503729
5863,253,4.0,1164311038
5863,260,4.0,1164310241
5863,265,3.0,1171052733
5863,273,3.0,1164309978
5863,288,4.0,1164503547
5863,293,4.5,1164397680
5863,296,4.5,1164312639
5863,300,4.0,1164503549
5863,303,3.0,1164569467
5863,306,3.0,1164395452
5863,307,2.5,1164395455
5863,315,2.5,1164311129
5863,316,3.0,1164396785
5863,318,5.0,1164310252
5863,329,3.5,1164312285
5863,337,4.0,1164503721
5863,349,3.0,1164396759
5863,353,2.5,1164397343
5863,356,4.5,1164396405
5863,357,4.0,1164503515
5863,367,2.5,1164503507
5863,370,3.0,1171052655
5863,377,4.0,1164396731
5863,380,3.5,1164396686
5863,382,3.0,1164569108
5863,419,2.0,1164395005
5863,431,4.5,1164309966
5863,434,2.5,1164395345
5863,442,3.0,1164503065
5863,454,3.0,1164311042
5863,457,4.0,1164396649
5863,466,3.0,1171052681
5863,468,4.0,1164502960
5863,474,4.0,1164503558
5863,480,3.5,1164310782
5863,507,4.0,1164503459
5863,508,4.0,1164503654
5863,509,4.0,1164503662
5863,515,4.5,1164311963
5863,527,4.5,1164310737
5863,534,4.5,1164312829
5863,539,4.0,1164503512
5863,541,4.5,1164397517
5863,551,4.0,1164503718
5863,553,4.0,1164503743
5863,555,4.0,1171052685
5863,562,4.5,1164396229
5863,586,3.0,1164397182
5863,587,2.5,1164395234
5863,589,4.5,1164396678
5863,590,4.5,1164312418
5863,592,3.5,1164312575
5863,593,4.5,1164310235
5863,595,4.0,1164396750
5863,597,3.0,1164396813
5863,608,4.5,1164396722
5863,648,3.0,1164311045
5863,653,3.5,1164503749
5863,713,2.0,1164568208
5863,733,3.5,1164396805
5863,736,3.0,1164396769
5863,737,1.5,1164312063
5863,742,2.5,1164395094
5863,750,4.5,1164396262
5863,778,4.0,1164503691
5863,780,3.0,1164396705
5863,784,3.0,1171052664
5863,786,3.0,1164503673
5863,798,3.0,1164503062
5863,800,4.5,1164396206
5863,805,3.0,1164568753
5863,810,1.0,1164394740
5863,824,3.0,1164395527
5863,842,1.5,1164394171
5863,858,4.5,1164396301
5863,899,4.0,1164396274
5863,903,4.5,1164310633
5863,904,4.0,1164310626
5863,905,4.0,1164396332
5863,908,4.0,1164310628
5863,909,4.5,1164396425
5863,910,4.5,1164569358
5863,912,4.5,1164396316
5863,913,4.0,1164571156
5863,914,4.5,1164396409
5863,919,4.0,1164397560
5863,920,4.5,1164311840
5863,922,4.5,1164396308
5863,923,5.0,1164397666
5863,924,5.0,1164312405
5863,926,4.5,1164395755
5863,928,4.5,1164310644
5863,930,4.0,1164310640
5863,934,3.5,1164394627
5863,942,4.0,1164312231
5863,946,4.5,1164396511
5863,950,4.5,1164396266
5863,953,4.5,1164396537
5863,968,3.5,1164311463
5863,969,4.0,1164571160
5863,991,3.5,1164310967
5863,1005,2.0,1164394435
5863,1019,4.0,1164310051
5863,1028,4.5,1164397589
5863,1036,4.5,1164397526
5863,1057,4.0,1164310974
5863,1079,4.5,1164503664
5863,1080,4.5,1164503708
5863,1084,4.5,1164569423
5863,1089,4.5,1164312641
5863,1090,4.5,1164311529
5863,1094,4.0,1171052707
5863,1097,4.0,1164310757
5863,1101,2.5,1164311048
5863,1127,4.0,1171052630
5863,1136,4.5,1164396270
5863,1173,4.0,1164311973
5863,1183,4.0,1164396454
5863,1186,4.0,1164568685
5863,1187,4.0,1164396214
5863,1193,4.5,1164396334
5863,1196,4.5,1164311611
5863,1197,4.5,1164312375
5863,1198,4.5,1164310732
5863,1199,4.5,1164397555
5863,1200,4.5,1164311296
5863,1201,5.0,1164310524
5863,1203,4.5,1164395724
5863,1204,4.5,1164396342
5863,1206,4.5,1164503693
5863,1207,4.5,1164397668
5863,1208,4.5,1164397515
5863,1209,5.0,1164310509
5863,1210,3.5,1164311622
5863,1211,4.5,1164312267
5863,1212,4.5,1164396311
5863,1213,4.5,1164397670
5863,1214,4.5,1164311290
5863,1219,4.5,1164310534
5863,1220,4.0,1164397534
5863,1221,4.5,1164396319
5863,1222,4.5,1164503747
5863,1225,4.5,1164396366
5863,1227,5.0,1164310494
5863,1230,4.5,1164396360
5863,1233,4.5,1164310566
5863,1234,3.5,1164396352
5863,1237,4.5,1164502711
5863,1240,4.0,1164397528
5863,1246,4.0,1164397715
5863,1247,3.5,1164397735
5863,1250,4.0,1164396340
5863,1252,4.0,1164569061
5863,1254,4.5,1164571154
5863,1258,4.5,1164503706
5863,1259,4.5,1164310555
5863,1260,5.0,1164395682
5863,1262,4.5,1164396506
5863,1263,4.5,1164396381
5863,1265,4.5,1164397568
5863,1266,4.5,1164310455
5863,1270,4.0,1164396777
5863,1272,4.0,1164396364
5863,1274,3.5,1164395907
5863,1277,4.5,1164568332
5863,1278,4.0,1171052673
5863,1282,4.0,1164397111
5863,1284,4.5,1164395953
5863,1287,3.5,1164396433
5863,1288,4.5,1164397683
5863,1291,4.5,1164310748
5863,1292,4.0,1164310032
5863,1293,4.5,1164396377
5863,1302,4.5,1164397591
5863,1304,4.5,1171052637
5863,1305,4.5,1164312257
5863,1307,4.0,1164397719
5863,1320,3.0,1164311324
5863,1333,4.0,1164310655
5863,1343,3.5,1164568241
5863,1345,4.5,1164309988
5863,1347,3.5,1164310036
5863,1351,2.0,1164394935
5863,1356,4.0,1164312282
5863,1358,4.5,1171052701
5863,1366,3.0,1164394386
5863,1374,4.0,1164312290
5863,1377,3.0,1164312593
5863,1380,3.0,1164397157
5863,1387,4.5,1164310745
5863,1391,3.0,1164397837
5863,1393,3.5,1164311031
5863,1396,3.5,1171052745
5863,1407,3.0,1164395129
5863,1438,2.5,1164394455
5863,1446,4.0,1164568165
5863,1459,3.0,1164569439
5863,1475,2.0,1164394853
5863,1485,3.0,1171052644
5863,1498,3.0,1164395590
5863,1517,3.5,1164502818
5863,1527,4.0,1164503551
5863,1544,2.5,1164310807
5863,1552,3.5,1171052742
5863,1556,1.5,1164394768
5863,1562,2.0,1164312580
5863,1580,3.0,1164503519
5863,1584,4.0,1164503656
5863,1589,3.5,1164503053
5863,1610,3.0,1164397757
5863,1617,4.5,1164503525
5863,1625,3.5,1171052714
5863,1627,3.0,1164568257
5863,1635,4.0,1164397248
5863,1641,4.0,1171052651
5863,1645,3.5,1164394512
5863,1653,3.0,1164397471
5863,1676,3.0,1171052694
5863,1682,4.0,1164397553
5863,1686,2.5,1164395167
5863,1704,4.0,1164397695
5863,1717,2.5,1164395130
5863,1719,5.0,1164395671
5863,1721,4.0,1164396484
5863,1729,4.0,1164312643
5863,1731,1.5,1164394795
5863,1732,4.5,1171052668
5863,1747,3.5,1164397804
5863,1748,4.5,1164394466
5863,1772,3.0,1164397844
5863,1779,2.5,1171052753
5863,1784,4.0,1164397721
5863,1791,3.5,1164569475
5863,1805,3.0,1164310026
5863,1810,4.0,1164311521
5863,1844,4.0,1164502636
5863,1862,2.0,1164311144
5863,1882,1.5,1164394783
5863,1883,4.0,1164310054
5863,1909,3.0,1164397081
5863,1912,4.0,1164568683
5863,1917,2.0,1164503682
5863,1921,4.0,1164310003
5863,1923,3.5,1164503641
5863,1929,3.0,1164395601
5863,1933,3.5,1164396476
5863,1936,3.0,1164396436
5863,1939,4.0,1164396345
5863,1942,4.0,1164396356
5863,1944,4.5,1164396392
5863,1945,4.0,1164396338
5863,1946,3.5,1164396407
5863,1947,3.5,1164396446
5863,1949,4.5,1164396368
5863,1950,4.5,1164396350
5863,1953,4.0,1164309981
5863,1954,4.0,1164310861
5863,1957,4.5,1164396448
5863,1958,3.5,1164396419
5863,1959,4.0,1164396486
5863,1960,3.5,1164396398
5863,1961,4.5,1164311018
5863,1962,4.0,1164396416
5863,1967,4.0,1164397625
5863,2000,3.5,1164397786
5863,2006,3.5,1164568841
5863,2010,3.0,1164397733
5863,2011,3.5,1164503741
5863,2012,3.5,1164503723
5863,2019,4.5,1164311937
5863,2028,4.5,1164310747
5863,2054,3.0,1164397179
5863,2058,3.5,1164568736
5863,2078,4.0,1164568595
5863,2115,4.0,1164310768
5863,2116,3.0,1164396187
5863,2153,1.5,1164312014
5863,2161,4.0,1164310841
5863,2162,2.5,1164310833
5863,2167,2.5,1164397356
5863,2186,3.5,1164310629
5863,2194,4.0,1164397707
5863,2203,4.5,1164310638
5863,2248,4.0,1164397711
5863,2268,4.0,1164311025
5863,2291,4.0,1164397106
5863,2313,4.5,1164310924
5863,2320,2.5,1164395370
5863,2321,4.0,1171052725
5863,2324,4.5,1164311390
5863,2329,4.5,1171052740
5863,2353,3.0,1164569449
5863,2366,3.5,1164397531
5863,2391,4.0,1164569017
5863,2395,3.5,1164397753
5863,2396,3.5,1164396443
5863,2403,4.0,1164310853
5863,2410,2.5,1164310871
5863,2411,2.0,1164310868
5863,2424,3.5,1164568508
5863,2427,4.5,1164310007
5863,2439,4.5,1164395735
5863,2502,3.5,1164396285
5863,2541,2.5,1164309991
5863,2558,2.5,1164394694
5863,2567,2.5,1164394579
5863,2571,4.0,1164311160
5863,2572,4.0,1164312395
5863,2580,3.5,1164397792
5863,2599,4.0,1171052676
5863,2628,3.0,1164311673
5863,2640,4.0,1164312561
5863,2641,3.0,1164312563
5863,2642,2.5,1164312566
5863,2671,4.0,1164310978
5863,2683,3.5,1164502782
5863,2692,4.5,1164397742
5863,2696,4.0,1164311814
5863,2706,3.0,1164503676
5863,2710,3.5,1164503701
5863,2712,4.0,1164311029
5863,2716,3.5,1164397574
5863,2728,4.0,1164569311
5863,2739,4.0,1164310764
5863,2762,4.0,1164397692
5863,2787,2.0,1164394230
5863,2791,4.0,1164503738
5863,2803,3.0,1164569501
5863,2815,2.0,1164394886
5863,2858,4.0,1164311281
5863,2881,2.5,1164394537
5863,2890,3.5,1164397723
5863,2898,2.5,1164395310
5863,2915,4.0,1164311040
5863,2918,4.0,1164503710
5863,2921,4.0,1164312811
5863,2947,4.0,1164312315
5863,2950,2.0,1164394189
5863,2951,4.0,1164397522
5863,2953,2.5,1164397848
5863,2959,4.0,1164311342
5863,2966,4.5,1164310926
5863,2985,3.5,1164397303
5863,2987,4.0,1164503649
5863,2997,4.0,1164397685
5863,3000,4.5,1164397437
5863,3052,3.5,1171052712
5863,3062,3.0,1164396516
5863,3081,4.0,1164397595
5863,3105,4.5,1164397717
5863,3114,4.0,1164503658
5863,3147,4.0,1164568483
5863,3160,4.5,1164310820
5863,3181,4.0,1164568805
5863,3203,3.5,1164569151
5863,3213,3.5,1164312600
5863,3247,3.0,1164503029
5863,3262,3.5,1164310936
5863,3273,2.5,1164395122
5863,3301,3.0,1164568447
5863,3317,4.0,1164310043
5863,3328,4.5,1164397935
5863,3334,4.0,1164571165
5863,3372,3.0,1164396562
5863,3408,3.5,1164310964
5863,3409,2.5,1164394670
5863,3424,4.5,1164397690
5863,3435,4.0,1164396299
5863,3481,4.0,1171052702
5863,3489,3.0,1164310802
5863,3504,4.5,1164396272
5863,3565,2.5,1164395070
5863,3578,3.5,1164312509
5863,3623,3.0,1164311070
5863,3629,4.5,1164396321
5863,3654,3.0,1164396545
5863,3655,3.0,1164311795
5863,3668,4.5,1164502763
5863,3676,3.0,1164395637
5863,3730,4.0,1164569419
5863,3765,3.5,1164568203
5863,3785,2.5,1164395144
5863,3788,2.5,1164311953
5863,3793,3.0,1164397285
5863,3893,4.0,1164311571
5863,3897,3.5,1164395941
5863,3906,3.5,1164569478
5863,3911,4.0,1164397705
5863,3917,3.0,1164395614
5863,3930,3.0,1164394322
5863,3949,5.0,1164502936
5863,3952,3.5,1164311512
5863,3977,3.5,1164394249
5863,3983,4.5,1164397119
5863,3994,3.0,1164397291
5863,3996,4.0,1164397204
5863,4002,4.0,1164310062
5863,4008,4.5,1164311035
5863,4011,3.5,1164396278
5863,4014,4.0,1164397138
5863,4017,4.0,1164397793
5863,4022,4.0,1164568490
5863,4025,2.0,1164309995
5863,4027,4.0,1164397709
5863,4034,4.0,1164312521
5863,4056,4.0,1164569092
5863,4148,3.5,1164568828
5863,4226,4.5,1164503735
5863,4235,4.0,1164502609
5863,4246,4.0,1164502993
5863,4299,4.0,1164312385
5863,4306,4.0,1164310247
5863,4308,4.0,1164569153
5863,4310,2.0,1164394842
5863,4336,3.0,1164395474
5863,4343,2.0,1164394595
5863,4344,2.5,1164395020
5863,4355,2.0,1164394825
5863,4370,3.0,1164310789
5863,4380,4.0,1164397748
5863,4381,3.5,1164311824
5863,4464,3.5,1164395871
5863,4496,2.5,1164395333
5863,4564,2.5,1164310792
5863,4641,5.0,1164310476
5863,4643,2.5,1164310018
5863,4701,3.0,1164397234
5863,4720,4.5,1164310000
5863,4731,4.0,1164502457
5863,4733,3.0,1164394411
5863,4734,3.5,1164397875
5863,4741,4.0,1164313019
5863,4815,4.0,1164568830
5863,4840,4.0,1164568327
5863,4844,3.5,1164568412
5863,4848,5.0,1164395696
5863,4855,3.5,1164312821
5863,4865,3.5,1164397371
5863,4874,3.5,1164397643
5863,4886,4.0,1164397697
5863,4896,3.5,1164397607
5863,4903,4.5,1164397942
5863,4963,4.0,1164310956
5863,4967,4.5,1164396264
5863,4973,4.5,1164311368
5863,4975,3.5,1164311052
5863,4976,3.0,1164395578
5863,4979,4.0,1164397108
5863,4993,5.0,1164311685
5863,4995,4.0,1164396402
5863,5008,4.5,1164569310
5863,5015,4.0,1164502902
5863,5016,3.5,1164568749
5863,5026,3.5,1164397226
5863,5060,4.0,1164396519
5863,5081,3.0,1164569160
5863,5225,4.5,1164311495
5863,5254,3.5,1164397361
5863,5294,4.0,1164569027
5863,5304,4.0,1164568538
5863,5349,3.5,1164312551
5863,5378,3.5,1164311648
5863,5421,3.0,1164397769
5863,5445,4.0,1164310760
5863,5463,2.5,1164395155
5863,5464,3.5,1164397339
5863,5466,3.0,1164395508
5863,5481,3.5,1164502773
5863,5541,3.5,1164397865
5863,5613,4.0,1164395855
5863,5614,2.5,1164312768
5863,5617,4.0,1164311219
5863,5618,5.0,1164395709
5863,5630,3.0,1164568820
5863,5669,4.0,1164311553
5863,5673,3.5,1164397777
5863,5679,2.5,1164398007
5863,5682,4.0,1164502379
5863,5690,5.0,1164395657
5863,5693,4.0,1164503018
5863,5785,3.5,1164397872
5863,5788,3.5,1164395887
5863,5816,3.0,1164397620
5863,5872,2.5,1164312304
5863,5878,4.0,1164502626
5863,5881,4.0,1164568688
5863,5945,4.0,1164569068
5863,5952,4.5,1164311696
5863,5954,4.5,1164395743
5863,5975,3.0,1164395419
5863,5989,3.5,1164310752
5863,5991,4.0,1164396453
5863,5992,4.0,1164569147
5863,5995,4.5,1164396508
5863,6003,4.0,1164310959
5863,6016,4.0,1164311861
5863,6093,4.0,1164397580
5863,6159,4.0,1164311583
5863,6163,4.0,1164311378
5863,6185,4.0,1164568155
5863,6187,2.0,1164568728
5863,6197,4.0,1164312548
5863,6279,3.5,1164568238
5863,6291,4.0,1164397676
5863,6305,3.0,1164397928
5863,6319,3.5,1164568363
5863,6333,3.5,1164397279
5863,6365,3.0,1164311152
5863,6377,4.5,1164312853
5863,6503,3.0,1164397831
5863,6534,3.0,1164397254
5863,6539,3.5,1164396280
5863,6565,3.5,1164397783
5863,6579,4.0,1164569351
5863,6711,4.5,1164397745
5863,6777,3.0,1164569334
5863,6778,3.5,1164310379
5863,6786,4.0,1164502553
5863,6787,4.5,1164396314
5863,6793,2.5,1164395360
5863,6807,4.0,1164397751
5863,6873,3.5,1164397869
5863,6874,4.5,1164312025
5863,6879,3.0,1164569436
5863,6934,1.0,1164311157
5863,6942,4.0,1164397113
5863,6944,2.5,1164394619
5863,6953,3.0,1164502596
5863,6957,4.0,1164568934
5863,6993,4.5,1164397121
5863,7009,3.0,1164568263
5863,7013,4.5,1164569286
5863,7022,4.0,1164394157
5863,7034,4.5,1164397672
5863,7044,4.0,1164310930
5863,7045,3.0,1164395400
5863,7056,4.0,1171043207
5863,7064,4.0,1164502748
5863,7079,3.5,1164569315
5863,7090,4.5,1164397210
5863,7139,4.5,1164311360
5863,7143,3.0,1164311020
5863,7147,4.0,1164395977
5863,7149,4.0,1164569100
5863,7153,4.5,1164311707
5863,7158,4.0,1164568197
5863,7162,3.5,1164311832
5863,7254,2.5,1164312092
5863,7263,4.0,1164311747
5863,7297,4.0,1164313031
5863,7323,4.5,1164312724
5863,7327,4.0,1164502724
5863,7360,3.5,1164311451
5863,7361,4.5,1164310574
5863,7367,3.0,1164568499
5863,7371,2.5,1171052459
5863,7373,3.5,1164397300
5863,7438,4.5,1164312028
5863,7439,3.0,1164397377
5863,7458,3.0,1164568176
5863,7827,3.0,1164394400
5863,7937,3.5,1164396028
5863,7980,3.5,1164396542
5863,7994,2.5,1164395183
5863,8014,4.5,1164313075
5863,8157,3.5,1164397442
5863,8225,2.0,1164311466
5863,8360,3.5,1164396995
5863,8464,4.0,1164397271
5863,8529,3.0,1164310795
5863,8576,3.5,1164312990
5863,8607,4.0,1164313107
5863,8636,3.5,1164312553
5863,8638,4.5,1164310585
5863,8640,3.0,1164312620
5863,8644,3.5,1164397867
5863,8666,2.5,1164397322
5863,8798,4.0,1164311016
5863,8870,3.0,1164397054
5863,8905,3.5,1164395784
5863,8947,2.0,1164394920
5863,8949,4.5,1164310466
5863,8957,2.5,1164311876
5863,8958,4.5,1164311352
5863,8959,3.5,1164569204
5863,8961,4.5,1164310257
5863,8969,3.0,1164502995
5863,8970,4.5,1164502918
5863,8977,2.5,1164395919
5863,8981,4.0,1164310962
5863,8983,3.5,1164397214
5863,26242,4.0,1164310742
5863,27592,4.0,1164313095
5863,27608,2.0,1164394903
5863,27636,4.0,1164312751
5863,27674,3.0,1164394106
5863,27727,4.0,1164310171
5863,27773,4.5,1164313083
5863,27808,3.5,1164397162
5863,27821,3.0,1164569164
5863,30707,4.0,1164396379
5863,30749,4.5,1164312528
5863,30793,4.0,1164397583
5863,30803,4.5,1164311179
5863,30898,4.0,1164311502
5863,31410,4.5,1164311238
5863,31658,4.0,1164397435
5863,31956,3.0,1164395843
5863,32587,4.5,1164311848
5863,33004,3.5,1164397862
5863,33166,4.5,1164396390
5863,33493,4.0,1164311661
5863,33660,4.0,1164394279
5863,33683,1.0,1164394755
5863,33794,4.5,1164312582
5863,34048,3.0,1164310798
5863,34143,4.0,1164568214
5863,34150,3.0,1164397312
5863,34405,4.0,1164397073
5863,34532,3.0,1164311117
5863,37733,4.5,1164312538
5863,38701,3.5,1164312250
5863,39183,4.5,1164311898
5863,39419,3.5,1164397283
5863,39427,4.0,1164502910
5863,40412,4.0,1164396955
5863,40629,4.0,1164397130
5863,40732,4.0,1164310543
5863,40819,4.0,1164397014
5863,41566,3.5,1164312840
5863,41997,4.5,1164310740
5863,43376,4.5,1164310346
5863,44191,4.0,1164397266
5863,44195,4.0,1164396618
5863,44199,3.5,1164397016
5863,44694,4.0,1164396610
5863,45186,3.0,1164311061
5863,45210,4.0,1164311539
5863,45499,3.5,1164397381
5863,46723,3.0,1171052441
5863,47044,3.0,1164395493
5863,47610,4.0,1171052764
5863,48043,3.5,1171052773
5863,48082,3.5,1164396932
5863,48304,3.0,1171042999
5863,48516,4.5,1171043008
5863,48780,4.0,1171043019
5863,48783,4.0,1171043040
5863,49651,4.0,1171042987
5863,49824,3.5,1171043028
5864,1,3.5,1295529862
5864,32,3.5,1310263599
5864,50,3.5,1295529964
5864,97,4.5,1300523322
5864,145,1.0,1295527686
5864,231,0.5,1295530083
5864,256,2.0,1295527721
5864,277,0.5,1295527727
5864,327,4.0,1295527781
5864,344,0.5,1295529938
5864,356,3.0,1295529837
5864,367,0.5,1295530129
5864,380,3.5,1310263704
5864,541,4.5,1308308252
5864,543,0.5,1295527660
5864,588,3.5,1295530063
5864,714,4.5,1305626040
5864,720,4.0,1295527747
5864,913,3.0,1295527677
5864,1111,4.5,1306926061
5864,1223,3.5,1295527786
5864,1243,4.0,1295527937
5864,1265,3.0,1295530138
5864,1273,5.0,1295528038
5864,1274,4.0,1305626062
5864,1284,4.0,1295527878
5864,1291,3.0,1295530100
5864,1437,4.5,1295528432
5864,1721,2.0,1295529905
5864,1965,2.5,1297146610
5864,2028,0.5,1310263721
5864,2297,0.5,1295527927
5864,2571,4.0,1295530087
5864,2628,1.5,1295529909
5864,2706,0.5,1295530131
5864,2762,3.5,1295530079
5864,2763,1.0,1295527674
5864,2858,3.5,1295529987
5864,2959,5.0,1295528724
5864,2997,3.5,1310263698
5864,3030,4.5,1297146632
5864,3083,4.5,1295527931
5864,3178,3.5,1295527909
5864,3424,5.0,1295527819
5864,3471,2.0,1295527668
5864,3996,4.5,1295529917
5864,4306,3.5,1295529843
5864,4886,4.0,1310263741
5864,4963,1.5,1295529947
5864,4973,4.5,1295530055
5864,5216,4.0,1310263571
5864,5349,2.0,1295529853
5864,5418,3.5,1295530015
5864,5618,5.0,1297146840
5864,5878,4.5,1295529336
5864,6365,2.5,1295530104
5864,6711,4.0,1305626106
5864,6773,4.5,1295528486
5864,6874,4.0,1295530192
5864,7361,4.0,1295529875
5864,7438,4.0,1295529951
5864,8154,4.0,1305625968
5864,8961,3.5,1295530076
5864,26527,4.5,1305626100
5864,27592,4.0,1305626069
5864,27636,4.0,1295528850
5864,27727,3.0,1305625930
5864,27773,4.0,1295528114
5864,27846,4.0,1326700434
5864,44191,3.5,1295530007
5864,44694,3.5,1295529340
5864,46578,3.5,1295530167
5864,49272,3.5,1310263754
5864,52885,4.0,1295528699
5864,55167,5.0,1295528673
5864,55442,3.5,1295529162
5864,56367,4.0,1295530031
5864,57669,5.0,1300523242
5864,58559,3.5,1295529923
5864,61240,4.0,1295529221
5864,64278,4.5,1295529009
5864,70286,4.0,1295530113
5864,77854,4.0,1297146810
5864,80947,4.0,1295528820
5864,81276,4.5,1326700246
5865,1,3.5,1054394523
5865,6,4.0,1542319464
5865,7,5.0,1045316570
5865,9,4.0,955565259
5865,10,3.5,1056403580
5865,11,3.0,1098193038
5865,17,3.0,985386057
5865,21,3.0,985385887
5865,23,3.5,1167229558
5865,28,3.5,1054395342
5865,34,2.0,955202665
5865,39,1.0,955202749
5865,42,3.5,1054407583
5865,50,3.0,985386139
5865,65,2.0,990191266
5865,68,3.0,1212843335
5865,95,3.0,954527560
5865,112,5.0,1059749435
5865,129,3.0,990191052
5865,140,3.0,1167229776
5865,141,4.0,955202964
5865,145,3.0,1045492537
5865,150,3.5,1500402674
5865,154,3.0,1088429080
5865,165,3.0,954526459
5865,232,3.5,1076431209
5865,233,4.0,1088428990
5865,234,2.0,955203403
5865,235,3.0,1539440343
5865,236,3.5,1098192845
5865,256,4.0,955202434
5865,260,3.0,954526109
5865,265,3.5,1141596303
5865,270,3.0,1167229763
5865,293,3.5,1054406621
5865,301,3.0,1076431143
5865,315,3.0,960224253
5865,316,3.0,954526774
5865,317,2.0,955202933
5865,339,3.5,1055269010
5865,349,4.0,955564961
5865,351,3.0,955462531
5865,356,3.0,1054406766
5865,357,2.0,985386030
5865,361,3.0,1050937245
5865,367,2.0,955202811
5865,377,4.0,955462373
5865,379,3.5,1054406751
5865,380,3.5,1212843858
5865,436,2.5,1167229914
5865,442,3.0,1054407469
5865,454,4.0,955565320
5865,455,3.5,1054411624
5865,457,4.5,1059601809
5865,464,3.5,1054406685
5865,468,2.0,985385964
5865,474,3.0,962629993
5865,480,4.0,954526652
5865,494,2.0,954527415
5865,500,4.5,1054394537
5865,527,4.5,1054406312
5865,529,3.0,1015251151
5865,539,3.0,997801663
5865,552,2.0,958247013
5865,573,3.0,1212843384
5865,586,3.0,1054406772
5865,589,4.0,959692339
5865,592,4.0,954526719
5865,593,3.5,1141596964
5865,596,3.5,1054411661
5865,597,4.5,1059749596
5865,648,2.0,954526699
5865,687,2.5,1103138149
5865,691,4.0,955462166
5865,694,3.5,1054406719
5865,707,4.0,955564806
5865,718,3.5,1076431153
5865,733,3.5,1054394436
5865,736,3.0,955462443
5865,741,2.5,1539453141
5865,748,3.0,962629976
5865,780,3.0,955201687
5865,800,4.5,1054394487
5865,801,4.0,955203089
5865,802,3.0,955462558
5865,805,3.0,1050937156
5865,807,3.0,1212843370
5865,832,4.0,955565156
5865,838,5.0,1059749395
5865,848,3.0,955565423
5865,858,3.5,1054395180
5865,898,3.0,1074609930
5865,899,4.0,955462122
5865,900,3.0,1071951565
5865,901,2.0,993475697
5865,903,4.0,1054395300
5865,904,4.5,1054411225
5865,905,4.5,1539440119
5865,908,3.0,1133022915
5865,909,3.0,1088429035
5865,912,3.0,955565281
5865,913,3.0,1054395223
5865,915,3.0,966714688
5865,916,4.0,1054395351
5865,919,4.0,954526515
5865,922,1.5,1539440388
5865,923,3.0,1133022925
5865,924,2.0,997801640
5865,930,3.0,1027599822
5865,932,3.0,1500396812
5865,934,4.0,1500395107
5865,950,1.5,1539440359
5865,951,3.5,1076193610
5865,952,3.0,1098192761
5865,953,3.0,955565398
5865,969,2.0,954526494
5865,990,3.0,1054407811
5865,994,5.0,1045316591
5865,1004,3.0,1054407858
5865,1013,2.5,1539452448
5865,1018,4.0,1054406394
5865,1028,4.0,1500401651
5865,1031,4.0,954526818
5865,1035,3.5,1500402637
5865,1036,5.0,954526459
5865,1047,3.0,1540580176
5865,1079,3.0,1098192927
5865,1097,4.0,1054411686
5865,1101,4.0,1054406423
5865,1129,2.5,1125775599
5865,1136,3.0,1076193623
5865,1172,4.0,990191184
5865,1196,3.0,954526515
5865,1197,2.5,1054395159
5865,1198,3.0,1054407087
5865,1207,3.5,1054406888
5865,1208,2.0,1500395577
5865,1218,3.5,1088429303
5865,1220,2.5,1054407284
5865,1233,3.0,957965810
5865,1234,4.0,1076193636
5865,1240,3.0,1036173459
5865,1252,3.5,1054395211
5865,1265,4.0,955202737
5865,1267,3.0,1054395215
5865,1269,2.5,1054395309
5865,1270,3.5,1054406738
5865,1275,3.0,981647659
5865,1287,3.0,1054407231
5865,1292,4.0,1230411365
5865,1353,3.0,1002900350
5865,1359,2.0,954526948
5865,1367,3.0,1070904803
5865,1370,4.0,954526459
5865,1374,3.0,1011034940
5865,1380,3.5,1054395275
5865,1385,4.5,1054411154
5865,1396,2.5,1500395230
5865,1422,3.0,955565211
5865,1429,3.0,955565310
5865,1440,2.0,955203364
5865,1459,2.5,1500396643
5865,1460,3.0,955203418
5865,1479,3.0,1212844017
5865,1497,2.0,955565008
5865,1518,4.0,975514592
5865,1527,3.0,1212843560
5865,1544,4.0,955202434
5865,1552,4.5,1054406343
5865,1556,2.5,1054407972
5865,1569,3.0,1002900381
5865,1571,3.0,1212843284
5865,1573,3.5,1054407199
5865,1580,3.0,1054394731
5865,1584,4.5,1054406338
5865,1588,1.0,955203209
5865,1597,5.0,1045921263
5865,1602,2.0,955203231
5865,1608,3.5,1054406446
5865,1610,2.5,1500401506
5865,1617,4.5,1059601755
5865,1620,3.5,1066828268
5865,1625,4.5,1054406416
5865,1626,5.0,1059749372
5865,1627,2.0,957965936
5865,1674,4.5,1054394527
5865,1682,3.5,1054406730
5865,1689,4.0,961420633
5865,1702,1.5,1054407005
5865,1704,3.5,1167230372
5865,1722,3.0,1036173474
5865,1729,3.0,1088429216
5865,1731,2.0,958407394
5865,1747,3.5,1141596140
5865,1784,5.0,955202680
5865,1809,3.0,981647598
5865,1833,3.5,1054406835
5865,1834,2.0,1500395415
5865,1855,2.0,955203298
5865,1858,3.5,1054394567
5865,1866,3.0,962630008
5865,1883,4.5,1054406741
5865,1892,3.5,1071951553
5865,1912,4.5,1059749646
5865,1918,3.0,955203042
5865,1923,3.0,1539441518
5865,1929,3.0,981647525
5865,1934,3.0,981647621
5865,1945,3.0,1088428786
5865,1953,3.0,1054407323
5865,1962,2.5,1500401521
5865,1966,2.5,1167230132
5865,1968,3.0,1500401504
5865,2000,4.0,954527078
5865,2001,3.0,954527107
5865,2002,4.0,955203142
5865,2006,3.5,1054406608
5865,2007,4.5,1054406307
5865,2011,2.0,955201531
5865,2012,3.0,955201737
5865,2015,3.0,1500402669
5865,2028,3.0,957965793
5865,2035,4.5,1054406347
5865,2054,2.0,954526818
5865,2058,3.5,1540580151
5865,2085,3.5,1070904798
5865,2112,4.0,1098192897
5865,2125,3.5,1125777859
5865,2136,3.0,1230411476
5865,2137,2.5,1212843091
5865,2245,3.0,1098192865
5865,2273,3.0,1022679431
5865,2278,3.0,959019745
5865,2303,3.0,1230411874
5865,2321,3.0,955202725
5865,2324,4.0,1071951530
5865,2334,3.0,960225209
5865,2349,3.0,1141596269
5865,2353,5.0,959019025
5865,2366,2.5,1054407330
5865,2396,3.0,1076431276
5865,2406,2.0,985385936
5865,2407,3.0,955201636
5865,2421,3.0,954526874
5865,2424,5.0,1045921377
5865,2431,4.0,954526089
5865,2432,3.0,1036173351
5865,2470,2.0,990191166
5865,2490,3.0,1212843928
5865,2539,3.0,955202883
5865,2540,3.0,1036173440
5865,2542,1.0,1500390598
5865,2565,3.5,1054406693
5865,2571,3.5,1054406613
5865,2572,3.5,1054908027
5865,2579,4.0,1076431266
5865,2581,2.0,1540579796
5865,2593,3.0,1212843356
5865,2596,3.5,1088428814
5865,2599,2.0,1050937228
5865,2605,4.0,960225273
5865,2611,3.5,1068736061
5865,2615,2.0,955201703
5865,2622,3.0,997801609
5865,2628,3.0,1027599951
5865,2629,2.0,1002900399
5865,2641,3.0,1125777692
5865,2671,4.0,985386077
5865,2672,4.0,1070904877
5865,2688,4.5,1054406323
5865,2690,3.0,1036173236
5865,2692,3.0,985386180
5865,2694,2.0,959692361
5865,2701,2.0,975161493
5865,2707,4.0,981647732
5865,2708,3.0,1071951614
5865,2716,3.5,1230411390
5865,2722,3.0,975190665
5865,2726,4.0,1088428942
5865,2761,3.0,1212843878
5865,2762,3.5,1054406713
5865,2763,3.0,1054407098
5865,2791,4.0,1230411339
5865,2804,3.5,1054410685
5865,2808,3.0,955202544
5865,2850,2.0,966714771
5865,2858,3.0,1133022858
5865,2870,3.0,1088429021
5865,2871,2.0,954526719
5865,2874,2.5,1141596792
5865,2881,4.5,1054411584
5865,2890,2.0,1500390734
5865,2912,2.5,1055874621
5865,2916,3.5,1068735999
5865,2935,2.5,1231897050
5865,2936,3.0,1167230032
5865,2937,3.0,976026717
5865,2941,3.5,1054395254
5865,2952,1.0,1500395342
5865,2953,3.0,954526345
5865,2985,3.0,954527415
5865,2987,3.0,1050937176
5865,2991,3.0,1054407183
5865,2997,1.5,1054406974
5865,3003,3.0,1088429390
5865,3039,2.0,990191202
5865,3081,3.0,1103138130
5865,3082,3.5,1054406673
5865,3088,3.0,1230411401
5865,3097,3.5,1054406706
5865,3107,3.0,966714730
5865,3157,3.0,957965734
5865,3175,3.5,1054406504
5865,3197,3.0,961420792
5865,3201,1.0,1539440178
5865,3210,2.0,957965772
5865,3252,3.0,1167229718
5865,3256,3.5,1054406618
5865,3257,3.5,1539442066
5865,3265,4.0,1054411396
5865,3268,3.0,955203403
5865,3276,1.0,1015251317
5865,3284,3.0,1234666909
5865,3301,3.0,1068736010
5865,3318,4.0,1059601768
5865,3325,3.5,1167229676
5865,3328,3.5,1054406858
5865,3354,2.0,955202489
5865,3363,3.5,1230411347
5865,3365,3.0,990191018
5865,3384,3.0,954527328
5865,3406,4.0,1054411634
5865,3408,4.5,1054394469
5865,3418,4.0,981647695
5865,3421,3.0,1230411356
5865,3435,3.0,1048612718
5865,3452,5.0,1059749423
5865,3462,3.0,1217336791
5865,3469,4.0,1050937092
5865,3505,3.0,1141596336
5865,3510,3.0,993475583
5865,3512,3.0,1141596064
5865,3516,1.0,1500394615
5865,3537,4.5,1054406404
5865,3540,3.0,1141596395
5865,3555,3.0,1015251356
5865,3567,3.0,1167229949
5865,3612,3.5,1054395269
5865,3623,3.0,1054407349
5865,3624,2.0,985386119
5865,3654,3.5,1054407243
5865,3671,3.0,1230411371
5865,3675,5.0,1045316843
5865,3717,2.0,985386100
5865,3719,1.0,1045492446
5865,3720,4.5,1054406630
5865,3726,3.0,1141596610
5865,3739,3.0,1217336553
5865,3740,3.5,1088428773
5865,3744,2.0,1002900416
5865,3749,4.0,1045492553
5865,3763,3.5,1054407172
5865,3769,2.5,1054407587
5865,3784,2.5,1054408421
5865,3793,3.5,1058211070
5865,3801,3.0,1015251402
5865,3822,3.0,1063120856
5865,3825,3.0,1045492425
5865,3831,4.0,1066828199
5865,3879,3.0,985385913
5865,3882,2.0,1002900566
5865,3893,3.0,1141596416
5865,3896,2.0,993475671
5865,3912,3.0,1043159086
5865,3957,4.0,1045316765
5865,3969,3.0,993475616
5865,3972,3.0,1011034824
5865,3977,3.0,975161521
5865,3981,2.0,990191076
5865,3986,3.0,990191141
5865,3994,2.0,1002900550
5865,3996,4.5,1054406365
5865,4001,4.0,1045921064
5865,4011,1.0,1500401537
5865,4012,3.0,1045492491
5865,4014,3.5,1054408826
5865,4018,3.0,993475652
5865,4019,3.5,1054406464
5865,4020,3.5,1229459324
5865,4023,4.0,1058211099
5865,4024,3.0,1036173384
5865,4025,3.5,1054406878
5865,4027,3.0,1036173608
5865,4029,2.5,1063120902
5865,4034,3.0,1027599894
5865,4037,1.5,1500395242
5865,4041,4.0,1045318201
5865,4054,3.0,1066828258
5865,4056,4.0,1212844268
5865,4062,3.0,1022679451
5865,4069,3.0,1015251068
5865,4085,3.5,1054407129
5865,4117,3.0,990191104
5865,4141,3.0,1068736031
5865,4161,3.5,1063120883
5865,4194,3.0,1098192835
5865,4224,3.0,1011034797
5865,4226,3.5,1054406700
5865,4228,3.0,1066828189
5865,4232,2.0,1006550653
5865,4238,3.5,1066828209
5865,4245,3.5,1217337160
5865,4246,3.0,1125777332
5865,4291,3.0,1212843399
5865,4298,3.5,1076431301
5865,4299,3.5,1054407382
5865,4306,3.0,1054408443
5865,4308,2.5,1054406842
5865,4332,3.0,1141596639
5865,4341,3.0,1125777356
5865,4344,4.0,1063120892
5865,4351,2.0,1500390811
5865,4367,3.0,1125777821
5865,4369,3.0,1054407426
5865,4370,3.5,1054406433
5865,4383,3.0,1500395637
5865,4387,4.5,1054406381
5865,4410,3.0,1539440673
5865,4443,3.0,1054407490
5865,4447,3.0,1002900317
5865,4448,4.0,1045317473
5865,4496,3.0,1070904771
5865,4613,2.5,1054407742
5865,4700,2.5,1054408811
5865,4701,3.0,1002900298
5865,4737,4.0,1141596180
5865,4743,3.5,1066828232
5865,4756,3.0,1027600013
5865,4806,4.0,1076431134
5865,4814,3.0,1036173368
5865,4816,1.5,1054406985
5865,4826,3.0,1054407237
5865,4844,3.5,1132075281
5865,4845,2.0,1036173201
5865,4855,4.0,1045921079
5865,4866,3.0,1045492477
5865,4877,3.0,1212427629
5865,4878,3.5,1066828221
5865,4889,4.5,1542319487
5865,4890,4.0,1006550558
5865,4896,3.0,1036173608
5865,4901,3.0,1022679357
5865,4939,3.0,1088429089
5865,4954,2.5,1054406803
5865,4958,3.5,1054394558
5865,4963,3.0,1015251212
5865,4965,2.5,1068736079
5865,4973,3.5,1058211089
5865,4978,4.0,1141596159
5865,4992,3.5,1054406688
5865,4993,3.5,1054408183
5865,4995,3.0,1036174404
5865,5004,2.0,1098192881
5865,5008,3.0,1045921235
5865,5010,3.0,1027599909
5865,5011,3.5,1103137980
5865,5013,3.0,1027599880
5865,5015,4.0,1141596441
5865,5016,2.0,1027599864
5865,5023,5.0,1045316539
5865,5051,4.0,1088429314
5865,5065,3.5,1054394658
5865,5108,3.5,1141596763
5865,5187,4.0,1054406373
5865,5218,3.0,1125775642
5865,5220,2.0,1045492504
5865,5225,3.5,1088428981
5865,5233,1.5,1539440165
5865,5247,3.5,1054406388
5865,5282,4.0,1043159136
5865,5291,3.0,1054395296
5865,5297,3.0,1066828277
5865,5299,3.0,1050937216
5865,5312,3.0,1054907129
5865,5316,3.5,1063120833
5865,5319,3.5,1500390583
5865,5349,3.0,1022679484
5865,5380,4.0,1054408405
5865,5400,3.0,1054407108
5865,5404,3.0,1036173421
5865,5418,3.5,1054408370
5865,5434,2.5,1500395651
5865,5445,3.0,1045492461
5865,5450,3.0,1066828246
5865,5502,3.0,1212843954
5865,5507,3.0,1054407374
5865,5524,3.5,1054394650
5865,5525,4.0,1088429273
5865,5527,3.5,1054406471
5865,5530,3.5,1125777410
5865,5574,3.0,1125777841
5865,5603,3.0,1054410666
5865,5609,2.0,1045492407
5865,5617,4.0,1054393854
5865,5618,4.0,1054907036
5865,5620,2.5,1055269023
5865,5621,3.5,1054406670
5865,5628,4.0,1214503131
5865,5633,3.0,1071951603
5865,5666,2.5,1141596572
5865,5685,3.5,1060800707
5865,5743,3.0,1054407608
5865,5789,3.0,1088429285
5865,5809,4.0,1054907141
5865,5812,4.0,1088429329
5865,5815,3.0,1054907064
5865,5816,2.5,1054408764
5865,5867,2.0,1543937533
5865,5902,2.5,1216299357
5865,5903,3.0,1054907109
5865,5943,3.5,1054408774
5865,5944,3.0,1058211056
5865,5945,3.0,1076431308
5865,5952,3.5,1054408463
5865,5957,3.0,1054408216
5865,5989,3.0,1500396181
5865,5995,4.0,1167230092
5865,6003,2.0,1076431169
5865,6012,3.0,1054908216
5865,6016,4.0,1212427564
5865,6059,4.0,1050937121
5865,6155,2.0,1539441751
5865,6183,3.5,1500395071
5865,6196,3.0,1063829798
5865,6213,3.5,1063120913
5865,6219,3.0,1088428756
5865,6235,3.5,1125777469
5865,6250,3.0,1167229747
5865,6281,3.0,1054395484
5865,6294,3.5,1068736044
5865,6322,3.5,1076431255
5865,6323,3.0,1068736052
5865,6333,3.5,1058211075
5865,6339,3.5,1141596196
5865,6378,3.0,1068736069
5865,6466,3.5,1076431195
5865,6483,2.5,1076431084
5865,6488,3.0,1141596214
5865,6493,3.0,1088429123
5865,6508,3.0,1103138035
5865,6535,3.0,1076431230
5865,6539,3.0,1103138284
5865,6548,4.5,1059749485
5865,6564,3.0,1125777828
5865,6566,2.0,1066828389
5865,6579,3.0,1098192954
5865,6593,3.0,1088429254
5865,6595,3.0,1076431113
5865,6617,3.0,1141596372
5865,6620,3.0,1088429099
5865,6686,3.5,1076431245
5865,6703,3.0,1076431286
5865,6708,2.5,1500390782
5865,6709,3.5,1098192986
5865,6711,2.5,1088429182
5865,6754,3.0,1071951542
5865,6772,2.5,1500395623
5865,6810,3.5,1098193068
5865,6813,5.0,1214502882
5865,6849,2.5,1212844168
5865,6863,3.0,1125775701
5865,6873,3.0,1088428903
5865,6874,4.5,1088429113
5865,6879,3.5,1072104149
5865,6884,3.5,1141596913
5865,6886,3.5,1212843421
5865,6888,2.5,1098192942
5865,6931,2.5,1125777670
5865,6934,3.5,1073851717
5865,6942,3.5,1103138095
5865,6952,3.0,1088429363
5865,6958,2.5,1073851805
5865,6959,3.0,1098192998
5865,6970,2.5,1167230246
5865,6992,3.0,1212843249
5865,6993,2.0,1088428956
5865,7023,4.0,1088428855
5865,7028,2.0,1542319642
5865,7085,3.0,1542319610
5865,7090,3.0,1125775547
5865,7149,2.0,1500390759
5865,7153,4.0,1072103855
5865,7154,3.0,1088429201
5865,7155,3.5,1141597059
5865,7161,3.0,1073851692
5865,7163,3.5,1076431071
5865,7173,3.0,1076431180
5865,7199,3.0,1141596234
5865,7207,2.5,1543937598
5865,7209,1.0,1500390872
5865,7211,3.5,1229459360
5865,7255,2.5,1103138073
5865,7257,2.5,1125777762
5865,7294,3.0,1088428844
5865,7323,3.0,1125775531
5865,7324,3.0,1088428913
5865,7361,2.0,1125775656
5865,7362,3.0,1125777623
5865,7364,3.0,1125775684
5865,7380,2.5,1103138107
5865,7438,4.0,1098192912
5865,7439,3.0,1103138160
5865,7444,3.0,1230411118
5865,7445,3.5,1103138139
5865,7450,3.0,1212843903
5865,7451,3.0,1125775617
5865,7579,1.0,1500395718
5865,7587,3.5,1088429006
5865,7624,3.5,1141596927
5865,7669,5.0,1500395711
5865,7675,3.0,1500394754
5865,7769,3.0,1167230195
5865,7782,2.5,1125777529
5865,8142,3.0,1141596015
5865,8228,2.5,1133022901
5865,8361,3.0,1125777515
5865,8362,3.0,1103138169
5865,8372,3.0,1088429355
5865,8373,3.5,1088429344
5865,8383,2.5,1103138118
5865,8385,3.0,1229459377
5865,8486,4.0,1539453445
5865,8526,3.0,1098192780
5865,8580,3.0,1229459127
5865,8638,3.5,1125775713
5865,8640,3.0,1125775563
5865,8643,3.0,1141595936
5865,8644,3.0,1132075336
5865,8664,4.0,1098192856
5865,8665,3.5,1103138297
5865,8666,3.0,1125777424
5865,8712,3.0,1229459349
5865,8735,2.5,1098193185
5865,8779,3.0,1500395608
5865,8798,3.0,1125777659
5865,8809,3.0,1212783396
5865,8833,3.5,1125777438
5865,8835,3.0,1125777789
5865,8844,3.5,1098193058
5865,8860,3.5,1141595907
5865,8865,2.5,1098193026
5865,8873,3.0,1125777454
5865,8912,3.0,1125777744
5865,8915,3.0,1125777752
5865,8949,3.5,1141596082
5865,8958,3.5,1125777445
5865,8961,3.5,1103138015
5865,8972,3.0,1125777706
5865,8983,3.5,1125777799
5865,25826,3.0,1229459342
5865,25868,3.5,1542319573
5865,26066,2.5,1543937389
5865,26350,1.0,1539440201
5865,27266,3.0,1167229999
5865,27509,3.0,1141597116
5865,27721,3.5,1141595956
5865,27790,3.0,1141596815
5865,27801,3.0,1539440691
5865,27808,3.5,1167229941
5865,27821,3.0,1212843164
5865,27831,3.5,1167230307
5865,27876,2.5,1212844099
5865,30803,4.5,1212783421
5865,31221,3.0,1125775671
5865,31340,2.0,1542319621
5865,31410,3.0,1141596665
5865,31420,3.5,1141596607
5865,31433,3.0,1216299178
5865,31685,3.0,1132075130
5865,31694,3.0,1125777773
5865,31696,3.0,1125777682
5865,31878,2.5,1125777488
5865,32029,3.0,1216299188
5865,32162,3.5,1212843676
5865,32296,3.0,1125777721
5865,32298,3.5,1125777869
5865,32469,3.5,1543937617
5865,32587,1.5,1500401688
5865,32589,3.0,1125777877
5865,33162,3.0,1141596707
5865,33316,3.5,1539451988
5865,33437,3.0,1141596835
5865,33493,3.0,1125777579
5865,33639,3.5,1212843321
5865,33649,3.5,1141597076
5865,33675,3.0,1212843127
5865,33679,3.5,1125777591
5865,33794,3.5,1125777605
5865,33836,3.0,1125777613
5865,34039,3.0,1542319526
5865,34319,3.0,1141596949
5865,34332,3.0,1167229489
5865,34334,3.0,1141596689
5865,34405,3.5,1141596104
5865,34520,2.5,1125777851
5865,35836,3.0,1217336625
5865,36401,3.0,1167229924
5865,36517,4.0,1141597132
5865,36519,2.5,1500401898
5865,36525,3.0,1217336656
5865,36529,4.0,1167229539
5865,37382,3.0,1167229872
5865,37386,4.0,1167229976
5865,37477,3.0,1167229588
5865,37727,3.5,1167229810
5865,37733,3.0,1167229787
5865,38061,2.5,1167230060
5865,39231,3.0,1167229860
5865,39292,3.0,1167229730
5865,39381,3.0,1212842891
5865,39414,3.0,1167229884
5865,39435,3.0,1141597044
5865,39444,3.0,1167230391
5865,39481,2.0,1500395143
5865,40148,4.0,1229459458
5865,40583,3.0,1167230044
5865,40629,5.0,1214502987
5865,40959,2.5,1167229799
5865,40962,3.0,1167229899
5865,40966,3.0,1212844042
5865,41573,3.5,1167229965
5865,41716,2.5,1212843943
5865,42015,3.0,1167230071
5865,42018,3.0,1212844032
5865,42718,3.5,1212842871
5865,43419,3.0,1212843005
5865,43684,3.5,1167230008
5865,43869,2.5,1167230284
5865,43871,3.5,1167229989
5865,43910,3.5,1167230104
5865,43928,3.0,1229459156
5865,43936,2.5,1500390742
5865,44191,3.5,1148157865
5865,44555,3.5,1500402705
5865,44613,3.5,1167230081
5865,44665,3.0,1167230273
5865,44864,3.0,1167230206
5865,45106,3.0,1167230258
5865,45183,3.0,1167230169
5865,45186,3.0,1167230359
5865,45442,3.0,1167230118
5865,45668,3.5,1230411610
5865,45720,3.0,1212842969
5865,45722,3.0,1212843107
5865,45880,3.0,1212843633
5865,45928,3.5,1212843238
5865,46322,3.0,1212427667
5865,46335,3.0,1167230157
5865,46530,3.0,1212843508
5865,46765,2.0,1500395119
5865,46972,2.5,1212842848
5865,46976,3.0,1212843020
5865,47007,1.0,1539440379
5865,47099,3.0,1212843076
5865,47200,3.0,1212842901
5865,47254,3.5,1229459206
5865,47261,2.5,1212843893
5865,47382,3.0,1212843607
5865,47518,3.0,1167230316
5865,47610,3.5,1212842994
5865,47629,3.5,1212844154
5865,48043,3.0,1212843551
5865,48394,2.5,1500401554
5865,48412,3.0,1212843686
5865,48414,3.0,1212842913
5865,48516,3.5,1212842933
5865,48522,3.5,1212843153
5865,48596,3.0,1212842943
5865,48600,3.5,1212843057
5865,48774,3.0,1212843137
5865,48780,3.0,1212842957
5865,49130,3.0,1212842981
5865,49272,4.0,1167230296
5865,49286,3.0,1212843205
5865,49530,2.5,1212843497
5865,49957,3.0,1212843656
5865,49961,3.5,1212843646
5865,50005,3.0,1212843307
5865,50064,3.0,1212843344
5865,51094,3.5,1212843594
5865,51255,2.5,1212843870
5865,51418,3.5,1212843217
5865,51660,3.0,1539441976
5865,51834,4.0,1211378284
5865,51884,2.5,1500396337
5865,51925,4.0,1212843471
5865,51935,3.5,1212843412
5865,52724,3.0,1212843917
5865,52975,3.5,1212843432
5865,53443,5.0,1539440129
5865,53578,3.0,1500395671
5865,53788,2.0,1539442009
5865,53972,4.5,1214845917
5865,54094,3.0,1212843481
5865,54176,2.0,1500396255
5865,54286,3.0,1212843453
5865,54736,3.0,1214845909
5865,54780,3.5,1212843667
5865,55603,3.0,1229459286
5865,55814,4.0,1216299155
5865,55946,3.5,1217336731
5865,55999,1.0,1500390889
5865,56003,2.5,1229459436
5865,56152,3.0,1212844064
5865,56171,3.0,1212844051
5865,56174,3.5,1212783455
5865,56176,2.5,1216299333
5865,56367,2.0,1540582456
5865,56587,2.5,1229459232
5865,56775,3.0,1212844080
5865,57530,3.0,1229459262
5865,57669,1.5,1500401622
5865,58047,3.5,1217336635
5865,58103,3.5,1230411902
5865,58295,0.5,1500394920
5865,58490,5.0,1539454162
5865,58559,4.5,1230411060
5865,59369,3.5,1500401529
5865,59440,4.0,1229459184
5865,59784,1.5,1500401671
5865,60069,4.0,1230411102
5865,60072,3.0,1216299366
5865,60126,2.5,1500665636
5865,60289,3.5,1234666928
5865,61248,3.5,1231897086
5865,61467,2.0,1500390908
5865,63113,2.5,1500401853
5865,63131,1.0,1500401519
5865,63853,4.0,1231986323
5865,64983,4.0,1231897032
5865,65567,3.0,1539451739
5865,66198,3.5,1235177840
5865,66785,2.5,1500396702
5865,68358,2.5,1500401487
5865,68793,2.0,1500665798
5865,68954,2.0,1500401479
5865,69406,4.0,1500665626
5865,69757,4.0,1539441494
5865,71838,2.0,1500396589
5865,72641,3.0,1500401447
5865,73017,3.0,1500401566
5865,73319,4.0,1500396834
5865,73321,1.0,1500401724
5865,74450,2.0,1500390616
5865,77820,2.0,1500390413
5865,79132,3.0,1500401405
5865,79293,3.0,1500665617
5865,79553,2.0,1500396171
5865,79977,3.0,1500394842
5865,80126,1.0,1500394974
5865,80219,2.0,1500394893
5865,80398,3.0,1539452461
5865,80570,2.5,1543937607
5865,81229,2.0,1500401638
5865,81427,1.0,1500390706
5865,82242,2.0,1500396314
5865,82744,2.5,1500395371
5865,83349,2.0,1500665881
5865,84557,2.0,1500395921
5865,84772,3.5,1539440081
5865,85020,2.0,1500390639
5865,85414,2.0,1500390628
5865,85438,3.0,1500390675
5865,86028,2.0,1500395266
5865,86892,3.5,1500395585
5865,87192,3.5,1500395361
5865,87520,1.0,1500390653
5865,88108,2.0,1500395331
5865,88950,2.5,1500390692
5865,89343,3.0,1500390713
5865,89629,2.0,1500390560
5865,90434,1.0,1500390535
5865,90439,3.0,1500390721
5865,90717,3.5,1539441477
5865,91077,3.5,1500394912
5865,91474,1.0,1500395302
5865,91483,2.5,1500395285
5865,91535,4.0,1500401847
5865,91694,1.0,1500396503
5865,91978,2.0,1500390953
5865,92008,1.0,1500390929
5865,92083,2.0,1500395832
5865,92817,1.0,1500394885
5865,93838,2.0,1500396744
5865,94405,2.5,1500390827
5865,95088,2.0,1542319558
5865,95873,2.5,1539452489
5865,95875,2.5,1500394629
5865,96079,3.0,1500401531
5865,96610,2.0,1500394637
5865,97470,1.5,1500390796
5865,97797,1.5,1539453528
5865,98067,4.0,1500394998
5865,98126,2.5,1500395802
5865,98239,1.0,1500394813
5865,98296,3.0,1539441463
5865,98838,1.0,1500390944
5865,99112,2.5,1500396482
5865,99114,3.0,1500394719
5865,99574,2.5,1500394696
5865,99910,1.5,1500394770
5865,99957,1.0,1500394819
5865,100108,4.5,1539443133
5865,100138,1.0,1500395504
5865,100383,1.0,1500394651
5865,101489,2.0,1500395156
5865,101942,3.0,1500395382
5865,102125,2.0,1500395823
5865,102445,3.5,1542319634
5865,102716,3.5,1539441545
5865,102903,2.5,1500396545
5865,103665,3.5,1543937471
5865,103810,1.5,1500394935
5865,104231,3.5,1543937406
5865,104374,3.0,1500395128
5865,104906,1.0,1500395166
5865,104944,1.0,1500395813
5865,105053,1.0,1500394799
5865,105213,3.5,1500395312
5865,105504,1.5,1500395035
5865,105653,2.5,1500395253
5865,106002,3.0,1542319539
5865,106782,1.0,1500395052
5865,106916,1.0,1500395062
5865,106920,4.0,1500395532
5865,107141,4.5,1539441661
5865,108188,3.0,1500396216
5865,108190,3.0,1500395568
5865,108945,2.5,1500395431
5865,109177,3.5,1539453212
5865,109374,1.0,1500395462
5865,109376,3.0,1539442079
5865,109569,4.0,1500395512
5865,109968,3.5,1539440416
5865,110102,3.0,1500395778
5865,110116,3.5,1539442023
5865,110426,2.5,1500395910
5865,110501,2.0,1500396128
5865,110730,2.0,1500395683
5865,110765,3.5,1543937431
5865,111360,1.5,1500396790
5865,111443,3.0,1500396082
5865,111743,1.0,1500396064
5865,111759,2.0,1500395742
5865,111781,2.5,1500396299
5865,112556,3.5,1500396049
5865,112749,2.5,1500396071
5865,114439,3.0,1500396363
5865,115149,2.5,1500395896
5865,115231,2.5,1500395938
5865,119145,3.0,1500401469
5865,119169,1.5,1500396905
5865,119701,2.5,1549131306
5865,120635,3.0,1500395987
5865,120637,3.0,1500396768
5865,122222,4.0,1539442097
5865,122282,2.0,1500395715
5865,122406,1.0,1500390517
5865,122942,2.5,1500396202
5865,124308,2.5,1543937423
5865,124519,1.0,1500395845
5865,128360,1.5,1500396940
5865,129428,3.0,1500395524
5865,131274,1.0,1500394868
5865,133195,3.0,1500396329
5865,133689,2.0,1500395550
5865,134368,2.5,1539452281
5865,134393,3.5,1500396013
5865,134761,3.0,1500396827
5865,135143,1.5,1539440406
5865,135569,3.0,1500396436
5865,135795,3.5,1500395972
5865,136696,3.0,1500395560
5865,139385,1.0,1500396895
5865,140711,3.0,1500396266
5865,142038,2.5,1500396097
5865,142372,1.0,1539453537
5865,142420,1.0,1539452559
5865,142440,1.0,1500396929
5865,143311,2.0,1546723502
5865,143355,3.5,1500401014
5865,143647,3.0,1549131382
5865,144286,2.5,1500395885
5865,144370,1.0,1500396958
5865,144542,4.5,1543937496
5865,149090,3.0,1539452545
5865,149394,3.5,1549131339
5865,149478,4.0,1500395406
5865,150258,3.0,1500396564
5865,150344,3.5,1500395957
5865,150401,3.0,1500396948
5865,151501,1.0,1500396875
5865,152017,4.0,1539452571
5865,152061,2.0,1500396464
5865,152228,2.0,1539440233
5865,154160,3.0,1539442169
5865,154470,2.5,1539440741
5865,155392,2.0,1500396616
5865,155874,3.0,1500396392
5865,157200,2.5,1500396472
5865,157432,3.5,1500396860
5865,158575,3.0,1549131323
5865,158783,3.0,1500397001
5865,158930,3.5,1549131361
5865,159335,1.0,1500396626
5865,160271,1.5,1500396670
5865,160438,3.0,1500396445
5865,160684,3.0,1500396781
5865,160954,3.0,1539452127
5865,162322,4.0,1500401306
5865,162606,3.5,1500396846
5865,162726,2.5,1539443695
5865,164179,4.0,1500400950
5865,164981,2.5,1539452108
5865,165347,2.5,1500401300
5865,166635,2.5,1539452084
5865,167038,1.5,1539440332
5865,167564,1.0,1539453432
5865,167904,1.0,1500396991
5865,168248,3.5,1539452477
5865,168326,2.5,1539453476
5865,168366,2.5,1500401051
5865,169756,3.0,1539453401
5865,170401,2.0,1539453425
5865,171763,3.0,1539453230
5865,172041,2.5,1549131351
5865,172809,3.5,1539453461
5865,173175,3.0,1539440304
5865,173197,1.0,1539441958
5865,173203,2.0,1539441946
5865,173941,2.0,1539452382
5865,174909,3.0,1539453389
5865,175661,3.5,1539453266
5865,176101,3.0,1539453495
5865,176933,3.5,1539442116
5865,177607,3.5,1539440250
5865,177763,2.0,1539453245
5865,177771,1.0,1540580041
5865,179697,2.0,1539440263
5865,183353,1.5,1540579780
5865,183619,4.5,1540579766
5865,184231,3.5,1539441785
5865,184233,2.5,1539441769
5865,184471,4.0,1540579841
5865,184931,2.5,1540579864
5865,185171,3.0,1540579853
5865,185737,2.0,1539440273
5865,186785,2.0,1539441393
5865,188309,3.0,1541195450
5865,188749,3.0,1546723514
5865,189033,1.5,1540579807
5865,189331,3.0,1539441300
5865,189333,3.5,1539441245
5865,189363,3.5,1539440706
5865,192283,3.0,1546723537
5865,194400,4.0,1543937455
5866,47,5.0,1557773487
5866,50,5.0,1557773342
5866,293,5.0,1557773445
5866,296,4.5,1557773344
5866,318,5.0,1557773345
5866,356,5.0,1557773497
5866,527,5.0,1557773448
5866,589,4.5,1557773808
5866,593,4.5,1557773473
5866,858,4.5,1557773348
5866,1198,4.0,1557773494
5866,1200,4.0,1557773874
5866,1213,4.0,1557773355
5866,1219,4.0,1557773636
5866,1221,4.5,1557773351
5866,1291,4.5,1557773972
5866,2019,5.0,1557773565
5866,2028,5.0,1557773383
5866,2324,5.0,1557773451
5866,2329,4.5,1557773478
5866,2542,4.5,1557773457
5866,2571,4.0,1557773375
5866,2762,4.5,1557773386
5866,2858,4.0,1557773382
5866,2959,5.0,1557773334
5866,3147,4.5,1557774086
5866,3578,4.0,1557773388
5866,4226,5.0,1557773459
5866,4306,3.5,1557773391
5866,4993,4.5,1557773379
5866,4995,4.0,1557773535
5866,5418,4.5,1557773713
5866,5952,4.0,1557773558
5866,5989,4.5,1557773554
5866,6377,4.0,1557773908
5866,7153,4.5,1557773544
5866,7254,4.5,1557773662
5866,8665,4.5,1557773721
5866,8961,4.0,1557773858
5866,33794,4.5,1557773648
5866,40815,4.5,1557773839
5866,47610,4.5,1557773650
5866,48516,4.5,1557773461
5866,48780,4.5,1557773464
5866,49278,4.5,1557773915
5866,49530,4.5,1557773646
5866,50872,4.5,1557773802
5866,54286,4.5,1557773631
5866,56174,4.0,1557773959
5866,58559,4.5,1557773486
5866,58803,4.5,1557773719
5866,59369,4.5,1557773661
5866,60069,4.5,1557773638
5866,63082,4.5,1557773644
5866,68157,4.0,1557773454
5866,68954,4.5,1557773656
5866,69122,4.5,1557773965
5866,69481,4.5,1557774010
5866,69844,4.5,1557773725
5866,72998,4.5,1557773962
5866,73017,4.5,1557773730
5866,74458,5.0,1557773532
5866,78499,4.5,1557773805
5866,79091,4.5,1557773847
5866,79132,5.0,1557773443
5866,81847,4.0,1557773851
5866,87232,4.5,1557773786
5866,88125,4.5,1557773665
5866,91529,4.5,1557773618
5866,91542,4.5,1557773641
5866,91630,4.5,1557773901
5866,93510,4.5,1557773910
5866,96079,4.5,1557773867
5866,97913,4.5,1557773860
5866,98809,4.5,1557773929
5866,99112,4.5,1557773968
5866,99114,4.5,1557773441
5866,102407,5.0,1557773653
5866,104841,4.5,1557773896
5866,106489,4.5,1557773906
5866,106782,4.5,1557773598
5866,109374,4.5,1557773664
5866,111362,4.5,1557773754
5866,112171,4.0,1557773726
5866,112552,4.0,1557773538
5866,112852,4.0,1557773602
5866,115149,4.5,1557773732
5866,115617,4.5,1557773733
5866,119145,4.5,1557773651
5866,122904,4.5,1557773715
5866,122906,4.5,1557773894
5866,122912,4.0,1557774017
5866,122916,4.5,1557773798
5866,122918,4.0,1557774015
5866,122922,4.5,1557773788
5866,135143,4.5,1557773818
5866,139385,5.0,1557773748
5866,157296,4.0,1557773855
5866,175661,4.0,1557773926
5866,179401,4.5,1557773918
5866,187593,4.5,1557773924
5866,193950,4.0,1557773399
5866,194448,4.0,1557773405
5866,195159,4.0,1557773396
5867,2,3.0,995862733
5867,19,3.0,995867135
5867,21,3.0,995861132
5867,31,3.0,995862714
5867,34,1.0,995860579
5867,39,2.0,995860917
5867,47,5.0,995860546
5867,63,5.0,995860940
5867,69,4.0,995860445
5867,70,2.0,995861777
5867,88,3.0,995866973
5867,93,2.0,995863504
5867,104,5.0,995860884
5867,122,3.0,995862378
5867,145,3.0,995861337
5867,153,2.0,995862628
5867,158,3.0,996558611
5867,165,4.0,995860853
5867,207,3.0,995862794
5867,216,4.0,995866069
5867,231,5.0,995860940
5867,248,3.0,995862265
5867,260,3.0,995859902
5867,267,4.0,995862234
5867,283,3.0,995862265
5867,292,4.0,995861009
5867,317,2.0,995861548
5867,318,5.0,995860370
5867,330,3.0,995918231
5867,333,5.0,995866298
5867,344,5.0,995866434
5867,350,4.0,995861256
5867,355,2.0,995863162
